file1,file2,GroundTruth,方案0,method_0,方案1,method_1,方案2,method_2,方案3,method_3,方案4,method_4,方案5,method_5,方案6,method_6,方案7,method_7,方案8,method_8,方案9,method_9,方案10,method_10,方案11,method_11,方案12,method_12,方案13,method_13,方案14,method_14,方案15,method_15,方案16,method_16,方案17,method_17,方案18,method_18,方案19,method_19,方案20,method_20,方案21,method_21,方案22,method_22
1971_138,1992_47,0.77,0.67,0.62,0.29,0.74,0.99,0.99,0.67,0.58,0.46,0.68,0.93,0.93,0.74,0.77,0.51,0.72,0.85,0.85,0.67,0.0,0.46,0.0,0.22,0.84,0.22,0.79,0.0,0.0,0.3,0.81,0.29,0.85,0.03,0.03,0.3,0.0,0.29,0.0,0.08,0.08,0.63,0.71,0.5,0.63,0.53,0.53
1983_27,1979_33,0.63,0.62,0.98,0.29,0.74,0.91,0.91,0.62,0.9,0.46,0.68,0.61,0.61,0.71,1.0,0.62,0.42,0.82,0.82,0.62,0.0,0.46,0.0,0.25,0.68,0.25,0.63,0.1,0.1,0.34,0.66,0.35,0.64,0.06,0.06,0.35,0.0,0.35,0.0,0.03,0.03,0.61,0.86,0.47,0.79,0.67,0.67
1992_47,1992_76,0.0,0.72,0.15,0.45,0.36,0.97,0.97,0.72,0.26,0.62,0.25,0.21,0.21,0.8,0.31,0.65,0.34,0.09,0.09,0.72,0.0,0.62,0.0,0.3,0.42,0.29,0.42,0.0,0.0,0.41,0.4,0.41,0.42,0.1,0.1,0.41,0.0,0.41,0.0,0.03,0.03,0.68,0.36,0.5,0.63,0.18,0.18
1979_110,1989_233,0.73,0.68,0.52,0.38,0.52,0.77,0.77,0.68,0.51,0.51,0.55,0.26,0.26,0.78,0.46,0.58,0.53,0.59,0.59,0.68,0.0,0.51,0.0,0.32,0.32,0.32,0.26,0.1,0.1,0.44,0.28,0.44,0.31,0.1,0.1,0.44,0.0,0.44,0.0,0.07,0.07,0.66,0.5,0.5,0.63,0.4,0.4
1987_154,1964_144,0.17,0.64,0.88,0.36,0.57,0.1,0.1,0.64,0.77,0.4,0.84,0.33,0.33,0.7,1.0,0.56,0.58,0.52,0.52,0.64,0.0,0.4,0.0,0.24,0.74,0.24,0.68,0.1,0.1,0.31,0.77,0.33,0.71,0.06,0.06,0.32,0.0,0.32,0.0,0.04,0.04,0.66,0.5,0.51,0.58,0.51,0.51
1958_3,1992_144,0.03,0.76,0.0,0.38,0.52,1.0,1.0,0.76,0.0,0.58,0.36,1.0,1.0,0.83,0.08,0.75,0.07,1.0,1.0,0.76,0.0,0.58,0.0,0.28,0.53,0.28,0.47,0.08,0.08,0.41,0.4,0.41,0.42,0.03,0.03,0.4,0.0,0.41,0.0,0.03,0.03,0.69,0.29,0.54,0.42,0.39,0.39
1987_37,1989_233,0.17,0.78,0.0,0.51,0.22,0.43,0.43,0.78,0.0,0.65,0.17,0.15,0.15,0.83,0.08,0.54,0.63,0.3,0.3,0.78,0.0,0.65,0.0,0.35,0.16,0.34,0.16,0.1,0.1,0.46,0.21,0.46,0.24,0.06,0.06,0.46,0.0,0.46,0.0,0.13,0.13,0.7,0.21,0.48,0.74,0.16,0.16
1992_47,1984_115,0.67,0.63,0.94,0.24,0.86,0.99,0.99,0.63,0.84,0.44,0.73,0.86,0.86,0.72,0.92,0.51,0.72,0.93,0.93,0.63,0.0,0.44,0.0,0.23,0.79,0.23,0.74,0.0,0.0,0.31,0.77,0.31,0.78,0.15,0.15,0.31,0.0,0.31,0.0,0.0,0.0,0.59,1.0,0.45,0.89,0.56,0.56
1953_24,1957_52,0.3,0.64,0.88,0.47,0.31,0.11,0.11,0.64,0.77,0.63,0.23,0.16,0.16,0.72,0.92,0.68,0.26,0.0,0.0,0.64,0.0,0.63,0.0,0.25,0.68,0.25,0.63,0.0,0.0,0.35,0.62,0.35,0.64,0.16,0.16,0.34,0.0,0.34,0.0,0.15,0.15,0.65,0.57,0.5,0.63,0.24,0.24
1983_37,1979_33,0.77,0.64,0.88,0.27,0.79,0.75,0.75,0.64,0.77,0.44,0.73,0.76,0.76,0.72,0.92,0.59,0.5,0.8,0.8,0.64,0.0,0.44,0.0,0.23,0.79,0.23,0.74,0.1,0.1,0.32,0.74,0.32,0.75,0.12,0.12,0.32,0.0,0.32,0.0,0.08,0.08,0.59,1.0,0.46,0.84,0.74,0.74
1961_34,1987_37,0.07,0.73,0.09,0.44,0.38,0.11,0.11,0.73,0.19,0.63,0.23,0.05,0.05,0.82,0.15,0.7,0.2,0.31,0.31,0.73,0.0,0.63,0.0,0.29,0.47,0.29,0.42,0.0,0.0,0.41,0.4,0.41,0.42,0.06,0.06,0.41,0.0,0.41,0.0,0.14,0.14,0.66,0.5,0.5,0.63,0.15,0.15
1992_76,1992_182,0.17,0.7,0.32,0.59,0.03,0.95,0.95,0.7,0.39,0.64,0.2,0.21,0.21,0.78,0.46,0.66,0.31,0.1,0.1,0.7,0.0,0.64,0.0,0.29,0.47,0.28,0.47,0.0,0.0,0.4,0.44,0.4,0.46,0.14,0.14,0.4,0.0,0.4,0.0,0.11,0.11,0.64,0.64,0.52,0.53,0.17,0.17
1972_11,1984_115,0.1,0.75,0.01,0.76,0.0,0.0,0.0,0.75,0.06,0.78,0.0,0.0,0.0,0.81,0.23,0.85,0.0,0.01,0.01,0.75,0.0,0.78,0.0,0.38,0.0,0.37,0.0,0.17,0.17,0.56,0.0,0.56,0.0,0.12,0.12,0.55,0.0,0.56,0.0,0.06,0.06,0.68,0.36,0.54,0.42,0.13,0.13
1969_57,1980_91,0.03,0.74,0.04,0.45,0.36,0.63,0.63,0.74,0.13,0.6,0.31,0.16,0.16,0.82,0.15,0.67,0.28,0.0,0.0,0.74,0.0,0.6,0.0,0.24,0.74,0.24,0.68,0.29,0.29,0.35,0.62,0.33,0.71,0.04,0.04,0.34,0.0,0.31,0.0,0.11,0.11,0.7,0.21,0.54,0.42,0.29,0.29
1959_151,1982_28,0.43,0.7,0.32,0.4,0.48,0.26,0.26,0.7,0.39,0.68,0.09,0.01,0.01,0.79,0.38,0.74,0.1,0.0,0.0,0.7,0.0,0.68,0.0,0.29,0.47,0.28,0.47,0.19,0.19,0.38,0.51,0.38,0.53,0.0,0.0,0.38,0.0,0.37,0.0,0.07,0.07,0.65,0.57,0.57,0.26,0.22,0.22
1983_129,1976_176,0.7,0.63,0.94,0.38,0.52,0.76,0.76,0.63,0.84,0.53,0.49,0.12,0.12,0.71,1.0,0.68,0.26,0.64,0.64,0.63,0.0,0.53,0.0,0.25,0.68,0.25,0.63,0.0,0.0,0.36,0.59,0.35,0.64,0.04,0.04,0.35,0.0,0.35,0.0,0.03,0.03,0.63,0.71,0.49,0.68,0.44,0.44
1971_111,1972_291,0.6,0.68,0.52,0.39,0.5,0.2,0.2,0.68,0.51,0.51,0.55,0.08,0.08,0.8,0.31,0.59,0.5,0.0,0.0,0.68,0.0,0.51,0.0,0.26,0.63,0.26,0.58,0.2,0.2,0.36,0.59,0.35,0.64,0.04,0.04,0.36,0.0,0.36,0.0,0.0,0.0,0.71,0.14,0.5,0.63,0.44,0.44
1990_171,1988_88,0.63,0.69,0.42,0.3,0.71,0.06,0.06,0.69,0.45,0.54,0.47,0.24,0.24,0.79,0.38,0.58,0.53,0.88,0.88,0.69,0.0,0.54,0.0,0.25,0.68,0.25,0.63,0.1,0.1,0.34,0.66,0.34,0.67,0.04,0.04,0.34,0.0,0.34,0.0,0.03,0.03,0.68,0.36,0.51,0.58,0.32,0.32
1972_31,1984_115,0.87,0.69,0.42,0.3,0.71,1.0,1.0,0.69,0.45,0.55,0.44,0.85,0.85,0.78,0.46,0.71,0.18,0.81,0.81,0.69,0.0,0.55,0.0,0.25,0.68,0.24,0.68,0.1,0.1,0.34,0.66,0.33,0.71,0.15,0.15,0.34,0.0,0.33,0.0,0.07,0.07,0.65,0.57,0.53,0.47,0.54,0.54
1984_115,1987_315,0.17,0.76,0.0,0.33,0.64,0.0,0.0,0.76,0.0,0.7,0.04,0.0,0.0,0.84,0.0,0.71,0.18,0.0,0.0,0.76,0.0,0.7,0.0,0.27,0.58,0.27,0.53,0.1,0.1,0.38,0.51,0.38,0.53,0.11,0.11,0.38,0.0,0.38,0.0,0.03,0.03,0.7,0.21,0.53,0.47,0.26,0.26
1953_40,1953_24,0.67,0.65,0.8,0.24,0.86,1.0,1.0,0.65,0.71,0.36,0.95,0.99,0.99,0.77,0.54,0.37,1.0,0.99,0.99,0.65,0.0,0.36,0.0,0.19,1.0,0.19,0.95,0.0,0.0,0.26,0.96,0.26,0.96,0.04,0.04,0.26,0.01,0.26,0.01,0.07,0.07,0.68,0.36,0.5,0.63,0.88,0.88
1966_154,1976_43,0.3,0.66,0.72,0.33,0.64,0.75,0.75,0.66,0.64,0.44,0.73,0.96,0.96,0.77,0.54,0.49,0.77,0.99,0.99,0.66,0.0,0.44,0.0,0.21,0.89,0.21,0.84,0.1,0.1,0.3,0.81,0.3,0.82,0.04,0.04,0.29,0.0,0.3,0.0,0.06,0.06,0.66,0.5,0.47,0.79,0.4,0.4
1968_197,1972_62,0.6,0.7,0.32,0.41,0.45,1.0,1.0,0.7,0.39,0.55,0.44,0.77,0.77,0.79,0.38,0.63,0.39,0.91,0.91,0.7,0.0,0.55,0.0,0.21,0.89,0.21,0.84,0.1,0.1,0.3,0.81,0.3,0.82,0.04,0.04,0.29,0.0,0.3,0.0,0.04,0.04,0.68,0.36,0.56,0.32,0.42,0.42
1991_12,1985_113,0.87,0.48,1.0,0.29,0.74,1.0,1.0,0.48,1.0,0.37,0.92,0.99,0.99,0.66,1.0,0.32,1.0,0.97,0.97,0.48,0.0,0.37,0.0,0.19,1.0,0.19,0.95,0.0,0.0,0.27,0.92,0.26,0.96,0.0,0.0,0.26,0.01,0.26,0.01,0.08,0.08,0.61,0.86,0.42,1.0,0.77,0.77
1976_200,1959_151,0.2,0.69,0.42,0.49,0.26,0.3,0.3,0.69,0.45,0.53,0.49,0.04,0.04,0.73,0.85,0.67,0.28,0.03,0.03,0.69,0.0,0.53,0.0,0.25,0.68,0.25,0.63,0.19,0.19,0.34,0.66,0.35,0.64,0.1,0.1,0.35,0.0,0.35,0.0,0.08,0.08,0.64,0.64,0.54,0.42,0.23,0.23
1966_236,1967_267,0.63,0.72,0.15,0.48,0.29,0.46,0.46,0.72,0.26,0.58,0.36,0.21,0.21,0.81,0.23,0.65,0.34,0.05,0.05,0.72,0.0,0.58,0.0,0.23,0.79,0.23,0.74,0.2,0.2,0.33,0.7,0.32,0.75,0.12,0.12,0.32,0.0,0.32,0.0,0.08,0.08,0.69,0.29,0.55,0.37,0.26,0.26
1983_129,1983_27,0.8,0.64,0.88,0.33,0.64,0.94,0.94,0.64,0.77,0.47,0.65,0.36,0.36,0.72,0.92,0.61,0.45,0.98,0.98,0.64,0.0,0.47,0.0,0.25,0.68,0.25,0.63,0.1,0.1,0.36,0.59,0.35,0.64,0.07,0.07,0.36,0.0,0.35,0.0,0.07,0.07,0.63,0.71,0.48,0.74,0.56,0.56
1979_110,1953_28,0.67,0.68,0.52,0.52,0.19,0.07,0.07,0.68,0.51,0.57,0.39,0.0,0.0,0.78,0.46,0.61,0.45,0.38,0.38,0.68,0.0,0.57,0.0,0.3,0.42,0.31,0.32,0.0,0.0,0.42,0.36,0.42,0.38,0.06,0.06,0.42,0.0,0.42,0.0,0.0,0.0,0.65,0.57,0.52,0.53,0.46,0.46
1984_118,1971_336,0.43,0.63,0.94,0.33,0.64,0.99,0.99,0.63,0.84,0.56,0.41,0.15,0.15,0.71,1.0,0.57,0.55,0.03,0.03,0.63,0.0,0.56,0.0,0.2,0.95,0.2,0.89,0.0,0.0,0.29,0.85,0.28,0.89,0.07,0.07,0.28,0.0,0.28,0.0,0.1,0.1,0.65,0.57,0.55,0.37,0.44,0.44
1973_186,1986_218,0.27,0.66,0.72,0.39,0.5,0.28,0.28,0.66,0.64,0.59,0.33,0.21,0.21,0.75,0.69,0.63,0.39,0.02,0.02,0.66,0.0,0.59,0.0,0.25,0.68,0.25,0.63,0.1,0.1,0.34,0.66,0.34,0.67,0.06,0.06,0.34,0.0,0.34,0.0,0.0,0.0,0.65,0.57,0.52,0.53,0.34,0.34
1992_47,1987_315,0.27,0.65,0.8,0.17,1.0,0.02,0.02,0.65,0.71,0.59,0.33,0.0,0.0,0.73,0.85,0.54,0.63,0.17,0.17,0.65,0.0,0.59,0.0,0.2,0.95,0.2,0.89,0.1,0.1,0.28,0.89,0.27,0.93,0.03,0.03,0.27,0.0,0.27,0.0,0.04,0.04,0.59,1.0,0.42,1.0,0.39,0.39
1984_115,1981_49,0.7,0.68,0.52,0.28,0.76,0.97,0.97,0.68,0.51,0.5,0.57,0.85,0.85,0.75,0.69,0.62,0.42,0.82,0.82,0.68,0.0,0.5,0.0,0.2,0.95,0.2,0.89,0.0,0.0,0.3,0.81,0.29,0.85,0.16,0.16,0.3,0.0,0.29,0.0,0.06,0.06,0.6,0.93,0.46,0.84,0.54,0.54
1984_115,1971_49,0.67,0.67,0.62,0.32,0.67,0.98,0.98,0.67,0.58,0.5,0.57,0.83,0.83,0.75,0.69,0.6,0.47,0.73,0.73,0.67,0.0,0.5,0.0,0.22,0.84,0.22,0.79,0.0,0.0,0.29,0.85,0.29,0.85,0.13,0.13,0.3,0.0,0.29,0.0,0.03,0.03,0.6,0.93,0.46,0.84,0.53,0.53
1980_39,1969_324,0.63,0.49,1.0,0.28,0.76,1.0,1.0,0.49,1.0,0.34,1.0,0.99,0.99,0.69,1.0,0.37,1.0,0.99,0.99,0.49,0.0,0.34,0.0,0.21,0.89,0.21,0.84,0.0,0.0,0.29,0.85,0.29,0.85,0.0,0.0,0.29,0.0,0.29,0.0,0.0,0.0,0.65,0.57,0.44,0.95,0.7,0.7
1980_221,1984_115,0.47,0.66,0.72,0.29,0.74,0.23,0.23,0.66,0.64,0.51,0.55,0.39,0.39,0.74,0.77,0.67,0.28,0.69,0.69,0.66,0.0,0.51,0.0,0.23,0.79,0.23,0.74,0.0,0.0,0.32,0.74,0.32,0.75,0.06,0.06,0.32,0.0,0.32,0.0,0.0,0.0,0.65,0.57,0.52,0.53,0.51,0.51
1961_34,1979_110,0.03,0.79,0.0,0.52,0.19,0.02,0.02,0.79,0.0,0.63,0.23,0.29,0.29,0.84,0.0,0.74,0.1,0.16,0.16,0.79,0.0,0.63,0.0,0.36,0.11,0.35,0.11,0.0,0.0,0.51,0.02,0.51,0.06,0.03,0.03,0.51,0.0,0.5,0.0,0.06,0.06,0.72,0.07,0.61,0.05,0.32,0.32
1983_27,1983_37,0.73,0.64,0.88,0.25,0.83,0.77,0.77,0.64,0.77,0.37,0.92,0.9,0.9,0.73,0.85,0.55,0.61,0.96,0.96,0.64,0.0,0.37,0.0,0.25,0.68,0.24,0.68,0.19,0.19,0.34,0.66,0.36,0.6,0.19,0.19,0.34,0.0,0.34,0.0,0.12,0.12,0.61,0.86,0.44,0.95,0.61,0.61
1990_96,1990_171,0.63,0.7,0.32,0.32,0.67,0.37,0.37,0.7,0.39,0.56,0.41,0.94,0.94,0.76,0.62,0.54,0.63,0.98,0.98,0.7,0.0,0.56,0.0,0.25,0.68,0.24,0.68,0.0,0.0,0.33,0.7,0.33,0.71,0.04,0.04,0.33,0.0,0.33,0.0,0.04,0.04,0.63,0.71,0.48,0.74,0.35,0.35
1963_170,1979_158,0.43,0.68,0.52,0.5,0.24,0.78,0.78,0.68,0.51,0.62,0.25,1.0,1.0,0.77,0.54,0.59,0.5,0.4,0.4,0.68,0.0,0.62,0.0,0.24,0.74,0.24,0.68,0.3,0.3,0.34,0.66,0.35,0.64,0.07,0.07,0.34,0.0,0.34,0.0,0.0,0.0,0.65,0.57,0.48,0.74,0.51,0.51
1985_113,1969_324,0.67,0.49,1.0,0.31,0.69,1.0,1.0,0.49,1.0,0.4,0.84,0.99,0.99,0.68,1.0,0.36,1.0,0.97,0.97,0.49,0.0,0.4,0.0,0.22,0.84,0.21,0.84,0.0,0.0,0.3,0.81,0.29,0.85,0.04,0.04,0.29,0.0,0.29,0.0,0.04,0.04,0.64,0.64,0.43,1.0,0.7,0.7
1979_158,1965_111,0.43,0.7,0.32,0.46,0.33,0.78,0.78,0.7,0.39,0.66,0.15,1.0,1.0,0.76,0.62,0.64,0.37,0.19,0.19,0.7,0.0,0.66,0.0,0.26,0.63,0.26,0.58,0.1,0.1,0.35,0.62,0.35,0.64,0.06,0.06,0.35,0.0,0.35,0.0,0.04,0.04,0.64,0.64,0.5,0.63,0.58,0.58
1979_33,1979_110,0.9,0.62,0.98,0.28,0.76,0.99,0.99,0.62,0.9,0.44,0.73,0.98,0.98,0.71,1.0,0.59,0.5,0.98,0.98,0.62,0.0,0.44,0.0,0.23,0.79,0.23,0.74,0.0,0.0,0.32,0.74,0.32,0.75,0.04,0.04,0.32,0.0,0.32,0.0,0.04,0.04,0.59,1.0,0.46,0.84,0.81,0.81
1962_303,1972_291,0.4,0.66,0.72,0.4,0.48,0.71,0.71,0.66,0.64,0.57,0.39,0.01,0.01,0.74,0.77,0.61,0.45,0.0,0.0,0.66,0.0,0.57,0.0,0.25,0.68,0.25,0.63,0.19,0.19,0.34,0.66,0.33,0.71,0.03,0.03,0.33,0.0,0.33,0.0,0.0,0.0,0.65,0.57,0.48,0.74,0.41,0.41
1991_48,1987_189,0.73,0.47,1.0,0.27,0.79,1.0,1.0,0.47,1.0,0.49,0.6,0.97,0.97,0.67,1.0,0.41,0.99,0.9,0.9,0.47,0.0,0.49,0.0,0.18,1.0,0.18,1.0,0.1,0.1,0.25,1.0,0.25,1.0,0.03,0.03,0.25,0.01,0.25,0.01,0.0,0.0,0.58,1.0,0.44,0.95,0.51,0.51
1979_104,1979_110,0.9,0.66,0.72,0.31,0.69,0.96,0.96,0.66,0.64,0.47,0.65,0.92,0.92,0.74,0.77,0.58,0.53,0.97,0.97,0.66,0.0,0.47,0.0,0.27,0.58,0.27,0.53,0.0,0.0,0.37,0.55,0.37,0.56,0.0,0.0,0.37,0.0,0.36,0.0,0.04,0.04,0.62,0.79,0.5,0.63,0.77,0.77
2001_S_1131,2008_I_54,0.77,0.69,0.42,0.22,0.9,0.98,0.98,0.69,0.45,0.36,0.95,1.0,1.0,0.75,0.69,0.41,0.99,0.95,0.95,0.69,0.0,0.36,0.0,0.24,0.74,0.25,0.63,0.0,0.0,0.32,0.74,0.32,0.75,0.04,0.04,0.32,0.0,0.32,0.0,0.11,0.11,0.71,0.14,0.53,0.47,0.6,0.6
1987_M_123,2008_S_1411,0.37,0.72,0.15,0.43,0.41,0.71,0.71,0.72,0.26,0.57,0.39,0.54,0.54,0.8,0.31,0.65,0.34,0.28,0.28,0.72,0.0,0.57,0.0,0.27,0.58,0.27,0.53,0.19,0.19,0.35,0.62,0.34,0.67,0.07,0.07,0.35,0.0,0.35,0.0,0.06,0.06,0.68,0.36,0.51,0.58,0.33,0.33
1977_P_19,2010_S_431,0.0,0.77,0.0,0.79,0.0,0.0,0.0,0.77,0.0,0.81,0.0,0.0,0.0,0.8,0.31,0.86,0.0,0.06,0.06,0.77,0.0,0.81,0.0,0.38,0.0,0.38,0.0,0.17,0.17,0.56,0.0,0.57,0.0,0.0,0.0,0.57,0.0,0.56,0.0,0.07,0.07,0.72,0.07,0.71,0.0,0.08,0.08
2009_S_621,1992_S_37,0.67,0.72,0.15,0.29,0.74,1.0,1.0,0.72,0.26,0.5,0.57,0.98,0.98,0.81,0.23,0.52,0.69,0.93,0.93,0.72,0.0,0.5,0.0,0.25,0.68,0.25,0.63,0.0,0.0,0.34,0.66,0.34,0.67,0.03,0.03,0.33,0.0,0.34,0.0,0.1,0.1,0.73,0.0,0.56,0.32,0.57,0.57
1963_S_59,2008_I_54,0.13,0.68,0.52,0.45,0.36,0.18,0.18,0.68,0.51,0.59,0.33,0.0,0.0,0.78,0.46,0.68,0.26,0.13,0.13,0.68,0.0,0.59,0.0,0.28,0.53,0.28,0.47,0.08,0.08,0.39,0.47,0.39,0.49,0.3,0.3,0.38,0.0,0.39,0.0,0.26,0.26,0.67,0.43,0.58,0.21,0.32,0.32
2008_I_54,2014_R_41,0.57,0.72,0.15,0.22,0.9,0.93,0.93,0.72,0.26,0.57,0.39,0.99,0.99,0.81,0.23,0.47,0.82,0.42,0.42,0.72,0.0,0.57,0.0,0.22,0.84,0.22,0.79,0.0,0.0,0.28,0.89,0.28,0.89,0.13,0.13,0.27,0.0,0.28,0.0,0.17,0.17,0.72,0.07,0.61,0.05,0.37,0.37
1976_T_9,2015_J_10,0.0,0.76,0.0,0.62,0.0,0.01,0.01,0.76,0.0,0.74,0.0,0.0,0.0,0.85,0.0,0.78,0.0,0.04,0.04,0.76,0.0,0.74,0.0,0.38,0.0,0.37,0.0,0.08,0.08,0.51,0.02,0.52,0.02,0.06,0.06,0.52,0.0,0.52,0.0,0.09,0.09,0.71,0.14,0.6,0.11,0.17,0.17
2004_C_129,2007_S_632,0.2,0.72,0.15,0.47,0.31,0.78,0.78,0.72,0.26,0.64,0.2,0.39,0.39,0.84,0.0,0.71,0.18,0.74,0.74,0.72,0.0,0.64,0.0,0.26,0.63,0.26,0.58,0.08,0.08,0.37,0.55,0.37,0.56,0.03,0.03,0.37,0.0,0.37,0.0,0.1,0.1,0.72,0.07,0.57,0.26,0.39,0.39
2007_S_608,2009_S_146,0.43,0.64,0.88,0.39,0.5,0.81,0.81,0.64,0.77,0.51,0.55,0.25,0.25,0.74,0.77,0.52,0.69,0.67,0.67,0.64,0.0,0.51,0.0,0.23,0.79,0.23,0.74,0.1,0.1,0.31,0.77,0.31,0.78,0.06,0.06,0.31,0.0,0.31,0.0,0.0,0.0,0.64,0.64,0.5,0.63,0.36,0.36
1976_T_9,1987_C_108,0.03,0.69,0.42,0.44,0.38,0.11,0.11,0.69,0.45,0.62,0.25,0.02,0.02,0.79,0.38,0.71,0.18,0.07,0.07,0.69,0.0,0.62,0.0,0.22,0.84,0.22,0.79,0.1,0.1,0.32,0.74,0.32,0.75,0.07,0.07,0.32,0.0,0.32,0.0,0.07,0.07,0.66,0.5,0.57,0.26,0.14,0.14
2016_U_39,1995_U_143,0.73,0.49,1.0,0.23,0.88,0.99,0.99,0.49,1.0,0.35,0.97,0.98,0.98,0.74,0.77,0.49,0.77,0.92,0.92,0.49,0.0,0.35,0.0,0.21,0.89,0.21,0.84,0.08,0.08,0.29,0.85,0.28,0.89,0.04,0.04,0.28,0.0,0.29,0.0,0.04,0.04,0.64,0.64,0.45,0.89,0.72,0.72
2007_S_608,2012_S_270,0.8,0.65,0.8,0.25,0.83,0.86,0.86,0.65,0.71,0.42,0.79,0.94,0.94,0.73,0.85,0.36,1.0,0.83,0.83,0.65,0.0,0.42,0.0,0.25,0.68,0.25,0.63,0.1,0.1,0.32,0.74,0.32,0.75,0.03,0.03,0.32,0.0,0.32,0.0,0.0,0.0,0.65,0.57,0.46,0.84,0.47,0.47
2007_S_608,2011_I_16,0.03,0.68,0.52,0.57,0.07,0.33,0.33,0.68,0.51,0.64,0.2,0.23,0.23,0.76,0.62,0.66,0.31,0.04,0.04,0.68,0.0,0.64,0.0,0.34,0.21,0.34,0.16,0.13,0.13,0.44,0.28,0.44,0.31,0.12,0.12,0.44,0.0,0.45,0.0,0.03,0.03,0.65,0.57,0.52,0.53,0.28,0.28
2017_D_20,2011_U_53,0.9,0.64,0.88,0.37,0.55,0.99,0.99,0.64,0.77,0.46,0.68,1.0,1.0,0.75,0.69,0.57,0.55,1.0,1.0,0.64,0.0,0.46,0.0,0.17,1.0,0.17,1.0,0.09,0.09,0.24,1.0,0.24,1.0,0.0,0.0,0.24,0.01,0.24,0.01,0.0,0.0,0.59,1.0,0.54,0.42,0.81,0.81
2008_P_8,2010_J_55,0.87,0.7,0.32,0.3,0.71,1.0,1.0,0.7,0.39,0.43,0.76,0.99,0.99,0.78,0.46,0.66,0.31,0.98,0.98,0.7,0.0,0.43,0.0,0.22,0.84,0.22,0.79,0.0,0.0,0.31,0.77,0.31,0.78,0.0,0.0,0.31,0.0,0.31,0.0,0.04,0.04,0.66,0.5,0.56,0.32,0.74,0.74
2009_A_150,2009_S_1132,0.87,0.42,1.0,0.12,1.0,1.0,1.0,0.42,1.0,0.24,1.0,1.0,1.0,0.46,1.0,0.26,1.0,0.99,0.99,0.42,0.0,0.24,0.01,0.15,1.0,0.15,1.0,0.0,0.0,0.2,1.0,0.2,1.0,0.06,0.06,0.2,0.02,0.19,0.02,0.03,0.03,0.43,1.0,0.24,1.0,0.77,0.77
2013_B_59,2018_C_7,0.73,0.46,1.0,0.15,1.0,1.0,1.0,0.46,1.0,0.34,1.0,1.0,1.0,0.56,1.0,0.4,1.0,1.0,1.0,0.46,0.0,0.34,0.0,0.15,1.0,0.15,1.0,0.0,0.0,0.2,1.0,0.2,1.0,0.04,0.04,0.2,0.02,0.2,0.02,0.04,0.04,0.47,1.0,0.37,1.0,0.84,0.84
2010_B_40,2009_M_311,0.8,0.72,0.15,0.47,0.31,0.98,0.98,0.72,0.26,0.56,0.41,1.0,1.0,0.83,0.08,0.71,0.18,0.98,0.98,0.72,0.0,0.56,0.0,0.27,0.58,0.27,0.53,0.08,0.08,0.37,0.55,0.37,0.56,0.04,0.04,0.37,0.0,0.37,0.0,0.08,0.08,0.73,0.0,0.61,0.05,0.67,0.67
1995_S_159,1995_K_30,0.97,0.67,0.62,0.38,0.52,0.84,0.84,0.67,0.58,0.48,0.63,0.67,0.67,0.74,0.77,0.54,0.63,0.99,0.99,0.67,0.0,0.48,0.0,0.23,0.79,0.23,0.74,0.0,0.0,0.34,0.66,0.34,0.67,0.11,0.11,0.33,0.0,0.33,0.0,0.03,0.03,0.61,0.86,0.45,0.89,0.65,0.65
1992_S_191,1990_S_232,0.77,0.69,0.42,0.21,0.93,1.0,1.0,0.69,0.45,0.43,0.76,0.97,0.97,0.82,0.15,0.55,0.61,0.97,0.97,0.69,0.0,0.43,0.0,0.19,1.0,0.19,0.95,0.0,0.0,0.25,1.0,0.25,1.0,0.0,0.0,0.25,0.01,0.25,0.01,0.04,0.04,0.75,0.0,0.6,0.11,0.47,0.47
1996_B_75,1999_B_61,0.63,0.62,0.98,0.27,0.79,0.99,0.99,0.62,0.9,0.43,0.76,0.98,0.98,0.68,1.0,0.49,0.77,1.0,1.0,0.62,0.0,0.43,0.0,0.18,1.0,0.18,1.0,0.0,0.0,0.24,1.0,0.24,1.0,0.04,0.04,0.24,0.01,0.24,0.01,0.0,0.0,0.57,1.0,0.47,0.79,0.82,0.82
1972_B_49,1986_U_57,0.7,0.68,0.52,0.29,0.74,1.0,1.0,0.68,0.51,0.45,0.71,1.0,1.0,0.77,0.54,0.57,0.55,0.99,0.99,0.68,0.0,0.45,0.0,0.19,1.0,0.19,0.95,0.0,0.0,0.29,0.85,0.29,0.85,0.03,0.03,0.29,0.0,0.29,0.0,0.0,0.0,0.68,0.36,0.55,0.37,0.68,0.68
1962_D_22,1961_R_28,0.77,0.71,0.23,0.22,0.9,0.0,0.0,0.71,0.32,0.33,1.0,0.99,0.99,0.81,0.23,0.47,0.82,0.0,0.0,0.71,0.0,0.33,0.0,0.21,0.89,0.2,0.89,0.0,0.0,0.28,0.89,0.28,0.89,0.03,0.03,0.28,0.0,0.28,0.0,0.07,0.07,0.71,0.14,0.52,0.53,0.34,0.34
2006_T_61,2010_A_73,0.47,0.65,0.8,0.43,0.41,0.97,0.97,0.65,0.71,0.62,0.25,0.95,0.95,0.75,0.69,0.72,0.15,0.76,0.76,0.65,0.0,0.62,0.0,0.22,0.84,0.22,0.79,0.0,0.0,0.31,0.77,0.3,0.82,0.03,0.03,0.31,0.0,0.29,0.0,0.04,0.04,0.62,0.79,0.53,0.47,0.55,0.55
1986_C_27,1977_A_12,0.43,0.67,0.62,0.29,0.74,0.98,0.98,0.67,0.58,0.37,0.92,0.95,0.95,0.73,0.85,0.44,0.9,0.97,0.97,0.67,0.0,0.37,0.0,0.22,0.84,0.22,0.79,0.1,0.1,0.29,0.85,0.29,0.85,0.0,0.0,0.29,0.0,0.29,0.0,0.12,0.12,0.61,0.86,0.49,0.68,0.52,0.52
2014_R_41,2015_J_10,0.5,0.68,0.52,0.25,0.83,0.67,0.67,0.68,0.51,0.46,0.68,0.99,0.99,0.79,0.38,0.59,0.5,0.63,0.63,0.68,0.0,0.46,0.0,0.26,0.63,0.25,0.63,0.0,0.0,0.32,0.74,0.32,0.75,0.06,0.06,0.32,0.0,0.32,0.0,0.1,0.1,0.66,0.5,0.61,0.05,0.34,0.34
2009_S_146,2015_J_10,0.47,0.64,0.88,0.3,0.71,0.82,0.82,0.64,0.77,0.45,0.71,0.97,0.97,0.74,0.77,0.54,0.63,0.73,0.73,0.64,0.0,0.45,0.0,0.23,0.79,0.23,0.74,0.0,0.0,0.3,0.81,0.3,0.82,0.15,0.15,0.3,0.0,0.3,0.0,0.1,0.1,0.63,0.71,0.51,0.58,0.49,0.49
1995_S_317,2011_I_16,0.03,0.76,0.0,0.51,0.22,0.35,0.35,0.76,0.0,0.65,0.17,0.36,0.36,0.83,0.08,0.69,0.23,0.17,0.17,0.76,0.0,0.65,0.0,0.33,0.26,0.33,0.21,0.08,0.08,0.43,0.32,0.44,0.31,0.1,0.1,0.44,0.0,0.45,0.0,0.03,0.03,0.69,0.29,0.53,0.47,0.41,0.41
2001_S_1131,2007_U_18,0.83,0.72,0.15,0.16,1.0,0.79,0.79,0.72,0.26,0.34,1.0,0.96,0.96,0.82,0.15,0.48,0.8,0.67,0.67,0.72,0.0,0.34,0.0,0.25,0.68,0.24,0.68,0.0,0.0,0.34,0.66,0.31,0.78,0.14,0.14,0.31,0.0,0.32,0.0,0.11,0.11,0.74,0.0,0.53,0.47,0.37,0.37
2001_A_234,2007_C_121,0.03,0.73,0.09,0.51,0.22,0.0,0.0,0.73,0.19,0.66,0.15,0.0,0.0,0.83,0.08,0.79,0.0,0.05,0.05,0.73,0.0,0.66,0.0,0.28,0.53,0.26,0.58,0.19,0.19,0.39,0.47,0.4,0.46,0.03,0.03,0.38,0.0,0.39,0.0,0.0,0.0,0.73,0.0,0.6,0.11,0.11,0.11
1971_S_1,2008_I_54,0.03,0.69,0.42,0.45,0.36,0.16,0.16,0.69,0.45,0.64,0.2,0.0,0.0,0.79,0.38,0.58,0.53,0.0,0.0,0.69,0.0,0.64,0.0,0.3,0.42,0.3,0.37,0.0,0.0,0.42,0.36,0.41,0.42,0.29,0.29,0.41,0.0,0.41,0.0,0.26,0.26,0.67,0.43,0.59,0.16,0.26,0.26
1973_S_68,1976_T_9,0.43,0.72,0.15,0.35,0.6,0.4,0.4,0.72,0.26,0.63,0.23,0.01,0.01,0.81,0.23,0.68,0.26,0.16,0.16,0.72,0.0,0.63,0.0,0.26,0.63,0.26,0.58,0.0,0.0,0.37,0.55,0.37,0.56,0.04,0.04,0.37,0.0,0.38,0.0,0.03,0.03,0.72,0.07,0.52,0.53,0.29,0.29
2000_V_80,2006_A_36,0.03,0.74,0.04,0.51,0.22,0.07,0.07,0.74,0.13,0.64,0.2,0.13,0.13,0.82,0.15,0.72,0.15,0.34,0.34,0.74,0.0,0.64,0.0,0.3,0.42,0.3,0.37,0.09,0.09,0.42,0.36,0.42,0.38,0.1,0.1,0.42,0.0,0.42,0.0,0.09,0.09,0.67,0.43,0.56,0.32,0.28,0.28
2011_I_16,2011_S_308,0.0,0.66,0.72,0.43,0.41,0.76,0.76,0.66,0.64,0.61,0.28,0.32,0.32,0.75,0.69,0.73,0.12,0.9,0.9,0.66,0.0,0.61,0.0,0.26,0.63,0.25,0.63,0.08,0.08,0.36,0.59,0.36,0.6,0.11,0.11,0.36,0.0,0.37,0.0,0.0,0.0,0.63,0.71,0.58,0.21,0.44,0.44
2007_C_121,2008_C_166,0.07,0.75,0.01,0.51,0.22,0.42,0.42,0.75,0.06,0.61,0.28,0.0,0.0,0.86,0.0,0.74,0.1,0.0,0.0,0.75,0.0,0.61,0.0,0.45,0.0,0.42,0.0,0.08,0.08,0.56,0.0,0.53,0.0,0.09,0.09,0.54,0.0,0.55,0.0,0.09,0.09,0.73,0.0,0.55,0.37,0.11,0.11
1963_C_13,1988_S_277,0.4,0.7,0.32,0.26,0.81,0.48,0.48,0.7,0.39,0.5,0.57,0.0,0.0,0.81,0.23,0.56,0.58,0.9,0.9,0.7,0.0,0.5,0.0,0.23,0.79,0.23,0.74,0.0,0.0,0.32,0.74,0.32,0.75,0.03,0.03,0.31,0.0,0.31,0.0,0.03,0.03,0.67,0.43,0.5,0.63,0.41,0.41
2007_O_2,2012_B_7,0.0,0.7,0.32,0.61,0.0,0.02,0.02,0.7,0.39,0.69,0.07,0.0,0.0,0.8,0.31,0.77,0.01,0.0,0.0,0.7,0.0,0.69,0.0,0.33,0.26,0.33,0.21,0.29,0.29,0.45,0.25,0.45,0.27,0.07,0.07,0.45,0.0,0.45,0.0,0.09,0.09,0.65,0.57,0.55,0.37,0.09,0.09
2013_P_14,2008_N_123,0.03,0.66,0.72,0.37,0.55,0.94,0.94,0.66,0.64,0.56,0.41,0.99,0.99,0.76,0.62,0.66,0.31,0.94,0.94,0.66,0.0,0.56,0.0,0.22,0.84,0.22,0.79,0.2,0.2,0.3,0.81,0.3,0.82,0.07,0.07,0.3,0.0,0.3,0.0,0.0,0.0,0.65,0.57,0.55,0.37,0.71,0.71
1973_T_9,2007_S_545,0.1,0.64,0.88,0.42,0.43,0.84,0.84,0.64,0.77,0.63,0.23,0.34,0.34,0.74,0.77,0.68,0.26,0.75,0.75,0.64,0.0,0.63,0.0,0.2,0.95,0.2,0.89,0.2,0.2,0.28,0.89,0.28,0.89,0.08,0.08,0.27,0.0,0.28,0.0,0.08,0.08,0.64,0.64,0.62,0.0,0.33,0.33
2009_A_150,2014_S_373,0.57,0.69,0.42,0.3,0.71,0.99,0.99,0.69,0.45,0.54,0.47,0.65,0.65,0.79,0.38,0.69,0.23,0.49,0.49,0.69,0.0,0.54,0.0,0.25,0.68,0.24,0.68,0.0,0.0,0.34,0.66,0.33,0.71,0.26,0.26,0.32,0.0,0.32,0.0,0.17,0.17,0.71,0.14,0.58,0.21,0.57,0.57
2006_T_61,1975_G_8,0.73,0.68,0.52,0.36,0.57,1.0,1.0,0.68,0.51,0.49,0.6,1.0,1.0,0.77,0.54,0.64,0.37,0.96,0.96,0.68,0.0,0.49,0.0,0.23,0.79,0.23,0.74,0.1,0.1,0.3,0.81,0.3,0.82,0.0,0.0,0.31,0.0,0.3,0.0,0.04,0.04,0.65,0.57,0.55,0.37,0.71,0.71
1996_U_65,1990_S_180,0.8,0.63,0.94,0.26,0.81,0.98,0.98,0.63,0.84,0.38,0.89,0.99,0.99,0.72,0.92,0.52,0.69,0.9,0.9,0.63,0.0,0.38,0.0,0.2,0.95,0.2,0.89,0.0,0.0,0.28,0.89,0.28,0.89,0.07,0.07,0.28,0.0,0.28,0.0,0.0,0.0,0.62,0.79,0.43,1.0,0.52,0.52
1955_S_34,1986_M_82,0.6,0.7,0.32,0.39,0.5,0.53,0.53,0.7,0.39,0.61,0.28,0.0,0.0,0.8,0.31,0.66,0.31,0.13,0.13,0.7,0.0,0.61,0.0,0.26,0.63,0.25,0.63,0.0,0.0,0.35,0.62,0.35,0.64,0.07,0.07,0.35,0.0,0.35,0.0,0.0,0.0,0.65,0.57,0.52,0.53,0.23,0.23
1971_S_156,2012_M_107,0.73,0.65,0.8,0.28,0.76,0.81,0.81,0.65,0.71,0.44,0.73,0.76,0.76,0.76,0.62,0.57,0.55,0.64,0.64,0.65,0.0,0.44,0.0,0.22,0.84,0.21,0.84,0.0,0.0,0.31,0.77,0.31,0.78,0.0,0.0,0.3,0.0,0.31,0.0,0.08,0.08,0.62,0.79,0.45,0.89,0.62,0.62
1990_V_42,2012_M_68,0.47,0.66,0.72,0.36,0.57,0.48,0.48,0.66,0.64,0.56,0.41,0.86,0.86,0.76,0.62,0.62,0.42,0.83,0.83,0.66,0.0,0.56,0.0,0.22,0.84,0.22,0.79,0.1,0.1,0.31,0.77,0.3,0.82,0.04,0.04,0.3,0.0,0.3,0.0,0.04,0.04,0.62,0.79,0.5,0.63,0.54,0.54
2010_S_440,2000_S_370,0.67,0.64,0.88,0.37,0.55,0.92,0.92,0.64,0.77,0.52,0.52,0.96,0.96,0.75,0.69,0.68,0.26,0.9,0.9,0.64,0.0,0.52,0.0,0.24,0.74,0.24,0.68,0.0,0.0,0.32,0.74,0.35,0.64,0.12,0.12,0.33,0.0,0.33,0.0,0.04,0.04,0.62,0.79,0.53,0.47,0.59,0.59
1999_E_10,2009_S_604,0.8,0.73,0.09,0.29,0.74,0.97,0.97,0.73,0.19,0.4,0.84,0.96,0.96,0.81,0.23,0.56,0.58,1.0,1.0,0.73,0.0,0.4,0.0,0.19,1.0,0.19,0.95,0.0,0.0,0.26,0.96,0.26,0.96,0.04,0.04,0.26,0.01,0.26,0.01,0.04,0.04,0.67,0.43,0.6,0.11,0.62,0.62
2005_S_628,2013_S_397,0.7,0.68,0.52,0.42,0.43,0.99,0.99,0.68,0.51,0.44,0.73,0.98,0.98,0.81,0.23,0.64,0.37,1.0,1.0,0.68,0.0,0.44,0.0,0.24,0.74,0.24,0.68,0.09,0.09,0.33,0.7,0.34,0.67,0.06,0.06,0.33,0.0,0.34,0.0,0.08,0.08,0.68,0.36,0.57,0.26,0.69,0.69
1971_S_1,2005_S_388,0.1,0.67,0.62,0.55,0.12,0.65,0.65,0.67,0.58,0.67,0.12,0.87,0.87,0.78,0.46,0.76,0.04,0.01,0.01,0.67,0.0,0.67,0.0,0.27,0.58,0.26,0.58,0.0,0.0,0.39,0.47,0.4,0.46,0.0,0.0,0.4,0.0,0.4,0.0,0.07,0.07,0.65,0.57,0.56,0.32,0.29,0.29
1963_S_59,1971_S_1,0.03,0.66,0.72,0.5,0.24,0.87,0.87,0.66,0.64,0.64,0.2,0.98,0.98,0.75,0.69,0.73,0.12,0.04,0.04,0.66,0.0,0.64,0.0,0.24,0.74,0.25,0.63,0.1,0.1,0.34,0.66,0.34,0.67,0.06,0.06,0.34,0.0,0.34,0.0,0.0,0.0,0.66,0.5,0.56,0.32,0.38,0.38
1971_S_1,1995_S_317,0.03,0.71,0.23,0.52,0.19,0.83,0.83,0.71,0.32,0.71,0.01,0.01,0.01,0.82,0.15,0.75,0.07,0.01,0.01,0.71,0.0,0.71,0.0,0.3,0.42,0.3,0.37,0.0,0.0,0.44,0.28,0.44,0.31,0.06,0.06,0.44,0.0,0.45,0.0,0.03,0.03,0.7,0.21,0.55,0.37,0.33,0.33
2007_U_18,2012_S_270,0.4,0.74,0.04,0.37,0.55,0.55,0.55,0.74,0.13,0.64,0.2,0.65,0.65,0.83,0.08,0.71,0.18,0.22,0.22,0.74,0.0,0.64,0.0,0.3,0.42,0.3,0.37,0.0,0.0,0.39,0.47,0.39,0.49,0.09,0.09,0.39,0.0,0.39,0.0,0.07,0.07,0.73,0.0,0.58,0.21,0.27,0.27
2007_U_18,2008_I_54,0.63,0.7,0.32,0.19,0.98,0.66,0.66,0.7,0.39,0.35,0.97,0.97,0.97,0.77,0.54,0.41,0.99,0.59,0.59,0.7,0.0,0.35,0.0,0.23,0.79,0.22,0.79,0.0,0.0,0.29,0.85,0.28,0.89,0.1,0.1,0.29,0.0,0.29,0.0,0.13,0.13,0.7,0.21,0.49,0.68,0.4,0.4
1987_M_123,2014_J_33,0.47,0.68,0.52,0.47,0.31,0.58,0.58,0.68,0.51,0.57,0.39,0.46,0.46,0.81,0.23,0.67,0.28,0.92,0.92,0.68,0.0,0.57,0.0,0.26,0.63,0.25,0.63,0.09,0.09,0.35,0.62,0.35,0.64,0.1,0.1,0.35,0.0,0.36,0.0,0.09,0.09,0.71,0.14,0.56,0.32,0.29,0.29
1994_S_246,2000_C_151,0.23,0.74,0.04,0.39,0.5,0.55,0.55,0.74,0.13,0.62,0.25,0.31,0.31,0.8,0.31,0.73,0.12,0.05,0.05,0.74,0.0,0.62,0.0,0.26,0.63,0.26,0.58,0.1,0.1,0.35,0.62,0.35,0.64,0.03,0.03,0.35,0.0,0.35,0.0,0.12,0.12,0.7,0.21,0.57,0.26,0.36,0.36
1959_V_1,2008_A_218,0.7,0.67,0.62,0.2,0.95,0.9,0.9,0.67,0.58,0.31,1.0,0.97,0.97,0.73,0.85,0.45,0.88,0.16,0.16,0.67,0.0,0.31,0.0,0.22,0.84,0.22,0.79,0.0,0.0,0.31,0.77,0.3,0.82,0.07,0.07,0.3,0.0,0.29,0.0,0.0,0.0,0.65,0.57,0.45,0.89,0.44,0.44
1959_J_4,2000_B_24,0.55,0.66,0.72,0.24,0.86,0.4,0.4,0.66,0.64,0.36,0.95,0.49,0.49,0.76,0.62,0.56,0.58,0.04,0.04,0.66,0.0,0.36,0.0,0.21,0.89,0.2,0.89,0.0,0.0,0.28,0.89,0.28,0.89,0.19,0.19,0.28,0.0,0.28,0.0,0.18,0.18,0.68,0.36,0.52,0.53,0.34,0.34
1961_I_17,1976_T_4,0.35,0.68,0.52,0.32,0.67,0.88,0.88,0.68,0.51,0.47,0.65,0.57,0.57,0.75,0.69,0.5,0.74,0.5,0.5,0.68,0.0,0.47,0.0,0.21,0.89,0.22,0.79,0.1,0.1,0.3,0.81,0.3,0.82,0.08,0.08,0.29,0.0,0.29,0.0,0.03,0.03,0.65,0.57,0.43,1.0,0.41,0.41
2009_S_1030,2013_B_11,0.6,0.76,0.0,0.66,0.0,0.0,0.0,0.76,0.0,0.8,0.0,0.0,0.0,0.87,0.0,0.85,0.0,0.01,0.01,0.76,0.0,0.8,0.0,0.42,0.0,0.47,0.0,0.15,0.15,0.59,0.0,0.6,0.0,0.13,0.13,0.58,0.0,0.59,0.0,0.14,0.14,0.74,0.0,0.66,0.0,0.17,0.17
1960_B_3,2005_F_5,0.8,0.58,1.0,0.25,0.83,0.85,0.85,0.58,1.0,0.38,0.89,0.79,0.79,0.72,0.92,0.47,0.82,0.26,0.26,0.58,0.0,0.38,0.0,0.21,0.89,0.21,0.84,0.0,0.0,0.27,0.92,0.27,0.93,0.03,0.03,0.27,0.0,0.27,0.0,0.04,0.04,0.61,0.86,0.42,1.0,0.51,0.51
1960_T_149,2009_R_138,0.3,0.67,0.62,0.47,0.31,0.08,0.08,0.67,0.58,0.6,0.31,0.0,0.0,0.77,0.54,0.74,0.1,0.0,0.0,0.67,0.0,0.6,0.0,0.27,0.58,0.26,0.58,0.09,0.09,0.39,0.47,0.38,0.53,0.06,0.06,0.39,0.0,0.38,0.0,0.03,0.03,0.7,0.21,0.52,0.53,0.08,0.08
1954_B_4,1980_R_34,0.6,0.74,0.04,0.55,0.12,0.01,0.01,0.74,0.13,0.69,0.07,0.0,0.0,0.83,0.08,0.74,0.1,0.0,0.0,0.74,0.0,0.69,0.0,0.38,0.0,0.39,0.0,0.17,0.17,0.52,0.0,0.53,0.0,0.03,0.03,0.52,0.0,0.52,0.0,0.06,0.06,0.71,0.14,0.55,0.37,0.08,0.08
1956_T_26,1962_S_173,0.45,0.67,0.62,0.15,1.0,0.96,0.96,0.67,0.58,0.29,1.0,0.95,0.95,0.81,0.23,0.46,0.85,0.95,0.95,0.67,0.0,0.29,0.0,0.24,0.74,0.24,0.68,0.0,0.0,0.33,0.7,0.33,0.71,0.07,0.07,0.33,0.0,0.33,0.0,0.06,0.06,0.7,0.21,0.49,0.68,0.38,0.38
2014_R_16,1992_A_59,0.75,0.64,0.88,0.2,0.95,0.93,0.93,0.64,0.77,0.34,1.0,0.48,0.48,0.79,0.38,0.57,0.55,0.6,0.6,0.64,0.0,0.34,0.0,0.21,0.89,0.2,0.89,0.0,0.0,0.26,0.96,0.25,1.0,0.04,0.04,0.25,0.01,0.25,0.01,0.07,0.07,0.67,0.43,0.48,0.74,0.36,0.36
1959_M_20,1969_S_107,0.2,0.61,1.0,0.38,0.52,0.2,0.2,0.61,0.96,0.69,0.07,0.11,0.11,0.74,0.77,0.64,0.37,0.0,0.0,0.61,0.0,0.69,0.0,0.25,0.68,0.25,0.63,0.09,0.09,0.33,0.7,0.34,0.67,0.03,0.03,0.34,0.0,0.34,0.0,0.17,0.17,0.68,0.36,0.64,0.0,0.13,0.13
1958_V_2,1959_J_4,0.35,0.66,0.72,0.31,0.69,0.96,0.96,0.66,0.64,0.54,0.47,0.05,0.05,0.74,0.77,0.59,0.5,0.0,0.0,0.66,0.0,0.54,0.0,0.21,0.89,0.2,0.89,0.1,0.1,0.3,0.81,0.28,0.89,0.06,0.06,0.29,0.0,0.27,0.0,0.1,0.1,0.64,0.64,0.5,0.63,0.17,0.17
1955_S_21,1998_G_32,0.5,0.68,0.52,0.2,0.95,0.88,0.88,0.68,0.51,0.34,1.0,0.87,0.87,0.77,0.54,0.49,0.77,0.0,0.0,0.68,0.0,0.34,0.0,0.23,0.79,0.23,0.74,0.0,0.0,0.3,0.81,0.3,0.82,0.0,0.0,0.3,0.0,0.3,0.0,0.0,0.0,0.7,0.21,0.45,0.89,0.27,0.27
1990_C_99,2009_M_80,0.7,0.63,0.94,0.44,0.38,0.46,0.46,0.63,0.84,0.69,0.07,0.25,0.25,0.78,0.46,0.72,0.15,0.0,0.0,0.63,0.0,0.69,0.0,0.18,1.0,0.18,1.0,0.08,0.08,0.25,1.0,0.25,1.0,0.06,0.06,0.25,0.01,0.25,0.01,0.11,0.11,0.59,1.0,0.6,0.11,0.19,0.19
1957_L_1,2013_K_18,0.25,0.76,0.0,0.71,0.0,0.06,0.06,0.76,0.0,0.75,0.0,0.0,0.0,0.86,0.0,0.8,0.0,0.0,0.0,0.76,0.0,0.75,0.0,0.45,0.0,0.44,0.0,0.17,0.17,0.59,0.0,0.59,0.0,0.16,0.16,0.58,0.0,0.59,0.0,0.12,0.12,0.72,0.07,0.63,0.0,0.15,0.15
1955_B_4,1971_G_9,0.7,0.75,0.01,0.34,0.62,0.77,0.77,0.75,0.06,0.53,0.49,0.91,0.91,0.81,0.23,0.61,0.45,0.47,0.47,0.75,0.0,0.53,0.0,0.23,0.79,0.23,0.74,0.1,0.1,0.29,0.85,0.29,0.85,0.12,0.12,0.28,0.0,0.29,0.0,0.13,0.13,0.73,0.0,0.55,0.37,0.3,0.3
2013_S_366,2007_S_60,0.7,0.65,0.8,0.19,0.98,0.99,0.99,0.65,0.71,0.39,0.87,0.93,0.93,0.77,0.54,0.48,0.8,0.59,0.59,0.65,0.0,0.39,0.0,0.26,0.63,0.26,0.58,0.1,0.1,0.34,0.66,0.34,0.67,0.03,0.03,0.34,0.0,0.34,0.0,0.04,0.04,0.69,0.29,0.51,0.58,0.34,0.34
2013_S_366,2006_S_274,0.55,0.64,0.88,0.21,0.93,0.95,0.95,0.64,0.77,0.43,0.76,0.74,0.74,0.76,0.62,0.5,0.74,0.91,0.91,0.64,0.0,0.43,0.0,0.26,0.63,0.26,0.58,0.0,0.0,0.34,0.66,0.34,0.67,0.04,0.04,0.34,0.0,0.33,0.0,0.0,0.0,0.7,0.21,0.58,0.21,0.56,0.56
1954_M_19,1975_C_45,0.8,0.65,0.8,0.36,0.57,0.67,0.67,0.65,0.71,0.54,0.47,0.96,0.96,0.75,0.69,0.56,0.58,0.7,0.7,0.65,0.0,0.54,0.0,0.21,0.89,0.21,0.84,0.0,0.0,0.3,0.81,0.3,0.82,0.04,0.04,0.3,0.0,0.31,0.0,0.0,0.0,0.65,0.57,0.49,0.68,0.59,0.59
2014_S_203,2009_P_154,0.3,0.7,0.32,0.34,0.62,0.95,0.95,0.7,0.39,0.52,0.52,0.78,0.78,0.74,0.77,0.64,0.37,0.91,0.91,0.7,0.0,0.52,0.0,0.26,0.63,0.26,0.58,0.0,0.0,0.36,0.59,0.36,0.6,0.04,0.04,0.35,0.0,0.35,0.0,0.04,0.04,0.67,0.43,0.52,0.53,0.56,0.56
1990_S_130,2011_I_16,0.5,0.65,0.8,0.48,0.29,0.52,0.52,0.65,0.71,0.57,0.39,0.0,0.0,0.75,0.69,0.62,0.42,0.2,0.2,0.65,0.0,0.57,0.0,0.28,0.53,0.28,0.47,0.14,0.14,0.37,0.55,0.38,0.53,0.06,0.06,0.38,0.0,0.38,0.0,0.0,0.0,0.63,0.71,0.51,0.58,0.3,0.3
1954_W_1,1962_M_53,0.2,0.66,0.72,0.27,0.79,0.96,0.96,0.66,0.64,0.4,0.84,0.75,0.75,0.74,0.77,0.61,0.45,0.95,0.95,0.66,0.0,0.4,0.0,0.22,0.84,0.22,0.79,0.0,0.0,0.29,0.85,0.29,0.85,0.03,0.03,0.29,0.0,0.29,0.0,0.07,0.07,0.6,0.93,0.48,0.74,0.5,0.5
1954_S_24,2009_C_133,0.6,0.73,0.09,0.58,0.05,0.09,0.09,0.73,0.19,0.67,0.12,0.02,0.02,0.8,0.31,0.71,0.18,0.0,0.0,0.73,0.0,0.67,0.0,0.3,0.42,0.3,0.37,0.2,0.2,0.42,0.36,0.42,0.38,0.14,0.14,0.42,0.0,0.42,0.0,0.09,0.09,0.68,0.36,0.59,0.16,0.26,0.26
1955_S_30,1989_S_159,0.5,0.68,0.52,0.27,0.79,0.63,0.63,0.68,0.51,0.3,1.0,0.35,0.35,0.81,0.23,0.56,0.58,0.0,0.0,0.68,0.0,0.3,0.0,0.23,0.79,0.23,0.74,0.09,0.09,0.31,0.77,0.31,0.78,0.11,0.11,0.3,0.0,0.3,0.0,0.07,0.07,0.65,0.57,0.5,0.63,0.15,0.15
1956_J_4,1976_M_60,0.9,0.77,0.0,0.61,0.0,0.19,0.19,0.77,0.0,0.72,0.0,0.01,0.01,0.84,0.0,0.8,0.0,0.0,0.0,0.77,0.0,0.72,0.0,0.49,0.0,0.46,0.0,0.0,0.0,0.59,0.0,0.59,0.0,0.12,0.12,0.59,0.0,0.59,0.0,0.12,0.12,0.73,0.0,0.56,0.32,0.16,0.16
1957_R_5,2017_S_108,0.35,0.73,0.09,0.58,0.05,0.18,0.18,0.73,0.19,0.7,0.04,0.05,0.05,0.83,0.08,0.83,0.0,0.04,0.04,0.73,0.0,0.7,0.0,0.27,0.58,0.27,0.53,0.09,0.09,0.37,0.55,0.38,0.53,0.06,0.06,0.37,0.0,0.37,0.0,0.03,0.03,0.75,0.0,0.67,0.0,0.16,0.16
1954_T_40,2005_Y_3,0.45,0.73,0.09,0.57,0.07,0.35,0.35,0.73,0.19,0.63,0.23,0.05,0.05,0.82,0.15,0.77,0.01,0.11,0.11,0.73,0.0,0.63,0.0,0.29,0.47,0.29,0.42,0.1,0.1,0.39,0.47,0.39,0.49,0.09,0.09,0.39,0.0,0.38,0.0,0.03,0.03,0.67,0.43,0.59,0.16,0.2,0.2
1954_T_53,1964_N_5,0.6,0.69,0.42,0.39,0.5,0.34,0.34,0.69,0.45,0.64,0.2,0.22,0.22,0.78,0.46,0.72,0.15,0.28,0.28,0.69,0.0,0.64,0.0,0.21,0.89,0.21,0.84,0.2,0.2,0.31,0.77,0.31,0.78,0.07,0.07,0.31,0.0,0.31,0.0,0.08,0.08,0.65,0.57,0.61,0.05,0.21,0.21
1958_T_40,1962_T_65,0.35,0.72,0.15,0.24,0.86,0.63,0.63,0.72,0.26,0.34,1.0,0.55,0.55,0.84,0.0,0.46,0.85,0.08,0.08,0.72,0.0,0.34,0.0,0.22,0.84,0.23,0.74,0.0,0.0,0.31,0.77,0.31,0.78,0.07,0.07,0.31,0.0,0.3,0.0,0.11,0.11,0.72,0.07,0.53,0.47,0.18,0.18
1959_G_11,1986_P_36,0.8,0.65,0.8,0.37,0.55,0.63,0.63,0.65,0.71,0.53,0.49,0.93,0.93,0.82,0.15,0.58,0.53,1.0,1.0,0.65,0.0,0.53,0.0,0.24,0.74,0.25,0.63,0.0,0.0,0.34,0.66,0.33,0.71,0.11,0.11,0.33,0.0,0.33,0.0,0.0,0.0,0.64,0.64,0.48,0.74,0.5,0.5
1959_M_14,1960_A_15,0.75,0.7,0.32,0.4,0.48,0.15,0.15,0.7,0.39,0.49,0.6,0.07,0.07,0.77,0.54,0.62,0.42,0.0,0.0,0.7,0.0,0.49,0.0,0.25,0.68,0.25,0.63,0.09,0.09,0.35,0.62,0.35,0.64,0.19,0.19,0.35,0.0,0.35,0.0,0.15,0.15,0.63,0.71,0.53,0.47,0.23,0.23
2013_S_366,2009_S_952,0.75,0.7,0.32,0.35,0.6,0.28,0.28,0.7,0.39,0.52,0.52,0.38,0.38,0.79,0.38,0.56,0.58,0.44,0.44,0.7,0.0,0.52,0.0,0.3,0.42,0.29,0.42,0.08,0.08,0.37,0.55,0.37,0.56,0.06,0.06,0.37,0.0,0.37,0.0,0.15,0.15,0.72,0.07,0.46,0.84,0.28,0.28
1990_S_130,1999_U_100,0.7,0.69,0.42,0.52,0.19,0.1,0.1,0.69,0.45,0.66,0.15,0.0,0.0,0.81,0.23,0.65,0.34,0.1,0.1,0.69,0.0,0.66,0.0,0.41,0.0,0.39,0.0,0.09,0.09,0.54,0.0,0.54,0.0,0.03,0.03,0.55,0.0,0.55,0.0,0.06,0.06,0.65,0.57,0.54,0.42,0.14,0.14
1958_M_8,1977_S_62,0.7,0.61,1.0,0.31,0.69,0.93,0.93,0.61,0.96,0.42,0.79,0.94,0.94,0.7,1.0,0.48,0.8,0.92,0.92,0.61,0.0,0.42,0.0,0.22,0.84,0.22,0.79,0.0,0.0,0.3,0.81,0.3,0.82,0.15,0.15,0.3,0.0,0.31,0.0,0.07,0.07,0.58,1.0,0.42,1.0,0.69,0.69
1954_S_22,2002_S_633,0.5,0.72,0.15,0.42,0.43,0.99,0.99,0.72,0.26,0.51,0.55,0.57,0.57,0.81,0.23,0.62,0.42,0.0,0.0,0.72,0.0,0.51,0.0,0.29,0.47,0.28,0.47,0.08,0.08,0.41,0.4,0.4,0.46,0.19,0.19,0.41,0.0,0.4,0.0,0.15,0.15,0.66,0.5,0.52,0.53,0.25,0.25
1954_U_1,1991_B_26,0.25,0.71,0.23,0.37,0.55,0.93,0.93,0.71,0.32,0.5,0.57,0.81,0.81,0.77,0.54,0.52,0.69,0.75,0.75,0.71,0.0,0.5,0.0,0.25,0.68,0.25,0.63,0.09,0.09,0.34,0.66,0.34,0.67,0.07,0.07,0.34,0.0,0.34,0.0,0.07,0.07,0.65,0.57,0.5,0.63,0.37,0.37
2009_M_80,1990_C_99,0.35,0.63,0.94,0.44,0.38,0.46,0.46,0.63,0.84,0.69,0.07,0.25,0.25,0.78,0.46,0.72,0.15,0.0,0.0,0.63,0.0,0.69,0.0,0.18,1.0,0.18,1.0,0.08,0.08,0.25,1.0,0.25,1.0,0.06,0.06,0.25,0.01,0.25,0.01,0.11,0.11,0.59,1.0,0.6,0.11,0.19,0.19
2005_Y_5,1996_M_67,0.55,0.63,0.94,0.25,0.83,1.0,1.0,0.63,0.84,0.42,0.79,1.0,1.0,0.71,1.0,0.47,0.82,0.95,0.95,0.63,0.0,0.42,0.0,0.19,1.0,0.17,1.0,0.1,0.1,0.25,1.0,0.25,1.0,0.07,0.07,0.26,0.01,0.25,0.01,0.0,0.0,0.6,0.93,0.51,0.58,0.62,0.62
1961_D_10,2009_M_289,0.15,0.62,0.98,0.35,0.6,0.86,0.86,0.62,0.9,0.45,0.71,0.83,0.83,0.76,0.62,0.6,0.47,0.86,0.86,0.62,0.0,0.45,0.0,0.23,0.79,0.23,0.74,0.1,0.1,0.32,0.74,0.33,0.71,0.11,0.11,0.32,0.0,0.32,0.0,0.2,0.2,0.64,0.64,0.46,0.84,0.4,0.4
1954_R_10,1967_T_29,0.8,0.73,0.09,0.43,0.41,0.0,0.0,0.73,0.19,0.56,0.41,0.07,0.07,0.81,0.23,0.68,0.26,0.1,0.1,0.73,0.0,0.56,0.0,0.31,0.37,0.27,0.53,0.09,0.09,0.38,0.51,0.38,0.53,0.15,0.15,0.38,0.0,0.38,0.0,0.09,0.09,0.71,0.14,0.57,0.26,0.23,0.23
1955_S_30,2002_M_110,0.4,0.66,0.72,0.11,1.0,0.99,0.99,0.66,0.64,0.49,0.6,0.94,0.94,0.74,0.77,0.6,0.47,0.37,0.37,0.66,0.0,0.49,0.0,0.24,0.74,0.24,0.68,0.0,0.0,0.31,0.77,0.31,0.78,0.0,0.0,0.31,0.0,0.31,0.0,0.03,0.03,0.65,0.57,0.56,0.32,0.35,0.35
1955_S_60,2013_S_308,0.85,0.7,0.32,0.36,0.57,0.95,0.95,0.7,0.39,0.38,0.89,1.0,1.0,0.78,0.46,0.63,0.39,0.66,0.66,0.7,0.0,0.38,0.0,0.26,0.63,0.25,0.63,0.0,0.0,0.34,0.66,0.34,0.67,0.1,0.1,0.34,0.0,0.34,0.0,0.16,0.16,0.67,0.43,0.51,0.58,0.45,0.45
1960_D_4,1970_P_28,0.6,0.68,0.52,0.38,0.52,0.94,0.94,0.68,0.51,0.51,0.55,1.0,1.0,0.76,0.62,0.63,0.39,0.0,0.0,0.68,0.0,0.51,0.0,0.23,0.79,0.23,0.74,0.0,0.0,0.31,0.77,0.32,0.75,0.08,0.08,0.31,0.0,0.31,0.0,0.08,0.08,0.63,0.71,0.54,0.42,0.42,0.42
1955_A_10,2006_R_45,0.65,0.67,0.62,0.47,0.31,0.96,0.96,0.67,0.58,0.53,0.49,0.17,0.17,0.82,0.15,0.6,0.47,0.35,0.35,0.67,0.0,0.53,0.0,0.3,0.42,0.29,0.42,0.1,0.1,0.4,0.44,0.4,0.46,0.1,0.1,0.39,0.0,0.4,0.0,0.1,0.1,0.66,0.5,0.52,0.53,0.26,0.26
2006_N_69,2008_R_158,0.3,0.67,0.62,0.45,0.36,0.24,0.24,0.67,0.58,0.61,0.28,0.5,0.5,0.77,0.54,0.71,0.18,0.78,0.78,0.67,0.0,0.61,0.0,0.28,0.53,0.28,0.47,0.19,0.19,0.4,0.44,0.4,0.46,0.03,0.03,0.39,0.0,0.39,0.0,0.03,0.03,0.68,0.36,0.57,0.26,0.44,0.44
1955_S_42,1970_A_30,0.5,0.68,0.52,0.18,1.0,0.83,0.83,0.68,0.51,0.22,1.0,0.98,0.98,0.79,0.38,0.47,0.82,0.36,0.36,0.68,0.0,0.22,0.01,0.23,0.79,0.23,0.74,0.0,0.0,0.31,0.77,0.31,0.78,0.11,0.11,0.31,0.0,0.31,0.0,0.07,0.07,0.69,0.29,0.46,0.84,0.32,0.32
1955_S_60,1969_H_14,0.5,0.69,0.42,0.17,1.0,0.19,0.19,0.69,0.45,0.42,0.79,0.87,0.87,0.78,0.46,0.56,0.58,0.18,0.18,0.69,0.0,0.42,0.0,0.26,0.63,0.26,0.58,0.07,0.07,0.34,0.66,0.33,0.71,0.03,0.03,0.33,0.0,0.33,0.0,0.06,0.06,0.68,0.36,0.55,0.37,0.25,0.25
1955_M_3,2007_C_276,0.5,0.71,0.23,0.55,0.12,0.72,0.72,0.71,0.32,0.63,0.23,0.09,0.09,0.79,0.38,0.72,0.15,0.05,0.05,0.71,0.0,0.63,0.0,0.26,0.63,0.27,0.53,0.0,0.0,0.39,0.47,0.39,0.49,0.1,0.1,0.39,0.0,0.39,0.0,0.18,0.18,0.69,0.29,0.64,0.0,0.19,0.19
1958_T_40,1961_M_80,0.85,0.67,0.62,0.26,0.81,0.14,0.14,0.67,0.58,0.48,0.63,0.94,0.94,0.78,0.46,0.63,0.39,0.2,0.2,0.67,0.0,0.48,0.0,0.27,0.58,0.26,0.58,0.0,0.0,0.36,0.59,0.35,0.64,0.13,0.13,0.36,0.0,0.36,0.0,0.22,0.22,0.71,0.14,0.53,0.47,0.23,0.23
1961_M_29,1977_R_16,0.8,0.69,0.42,0.22,0.9,0.38,0.38,0.69,0.45,0.49,0.6,0.56,0.56,0.79,0.38,0.51,0.72,0.39,0.39,0.69,0.0,0.49,0.0,0.2,0.95,0.22,0.79,0.0,0.0,0.3,0.81,0.3,0.82,0.03,0.03,0.3,0.0,0.29,0.0,0.07,0.07,0.63,0.71,0.47,0.79,0.28,0.28
1959_G_11,2008_K_128,0.65,0.71,0.23,0.45,0.36,0.51,0.51,0.71,0.32,0.6,0.31,0.85,0.85,0.79,0.38,0.65,0.34,0.39,0.39,0.71,0.0,0.6,0.0,0.26,0.63,0.25,0.63,0.1,0.1,0.35,0.62,0.35,0.64,0.08,0.08,0.35,0.0,0.35,0.0,0.0,0.0,0.63,0.71,0.5,0.63,0.34,0.34
1954_B_6,2010_A_107,0.3,0.71,0.23,0.54,0.14,0.84,0.84,0.71,0.32,0.6,0.31,0.39,0.39,0.82,0.15,0.61,0.45,0.01,0.01,0.71,0.0,0.6,0.0,0.3,0.42,0.3,0.37,0.29,0.29,0.4,0.44,0.41,0.42,0.03,0.03,0.4,0.0,0.4,0.0,0.03,0.03,0.62,0.79,0.5,0.63,0.16,0.16
1960_T_144,2001_K_22,0.7,0.69,0.42,0.33,0.64,0.95,0.95,0.69,0.45,0.49,0.6,0.97,0.97,0.75,0.69,0.54,0.63,0.48,0.48,0.69,0.0,0.49,0.0,0.21,0.89,0.21,0.84,0.1,0.1,0.28,0.89,0.27,0.93,0.03,0.03,0.28,0.0,0.27,0.0,0.07,0.07,0.65,0.57,0.51,0.58,0.24,0.24
1961_D_19,2001_S_633,0.85,0.76,0.0,0.46,0.33,0.06,0.06,0.76,0.0,0.64,0.2,0.01,0.01,0.83,0.08,0.7,0.2,0.0,0.0,0.76,0.0,0.64,0.0,0.34,0.21,0.33,0.21,0.0,0.0,0.47,0.17,0.46,0.24,0.1,0.1,0.46,0.0,0.47,0.0,0.1,0.1,0.67,0.43,0.48,0.74,0.11,0.11
1990_S_130,1999_U_75,0.7,0.76,0.0,0.57,0.07,0.13,0.13,0.76,0.0,0.78,0.0,0.0,0.0,0.8,0.31,0.83,0.0,0.05,0.05,0.76,0.0,0.78,0.0,0.34,0.21,0.33,0.21,0.09,0.09,0.44,0.28,0.45,0.27,0.06,0.06,0.45,0.0,0.46,0.0,0.06,0.06,0.72,0.07,0.66,0.0,0.07,0.07
1961_C_23,1964_C_59,0.7,0.7,0.32,0.3,0.71,1.0,1.0,0.7,0.39,0.44,0.73,0.83,0.83,0.79,0.38,0.53,0.66,0.92,0.92,0.7,0.0,0.44,0.0,0.25,0.68,0.25,0.63,0.1,0.1,0.32,0.74,0.33,0.71,0.08,0.08,0.32,0.0,0.33,0.0,0.0,0.0,0.68,0.36,0.53,0.47,0.54,0.54
1958_T_40,2012_I_6,0.7,0.69,0.42,0.24,0.86,0.85,0.85,0.69,0.45,0.44,0.73,0.98,0.98,0.81,0.23,0.5,0.74,0.57,0.57,0.69,0.0,0.44,0.0,0.24,0.74,0.24,0.68,0.0,0.0,0.33,0.7,0.33,0.71,0.15,0.15,0.33,0.0,0.32,0.0,0.16,0.16,0.67,0.43,0.45,0.89,0.33,0.33
1954_T_53,1955_S_46,0.65,0.71,0.23,0.46,0.33,0.76,0.76,0.71,0.32,0.62,0.25,0.24,0.24,0.78,0.46,0.71,0.18,0.32,0.32,0.71,0.0,0.62,0.0,0.24,0.74,0.24,0.68,0.0,0.0,0.34,0.66,0.33,0.71,0.07,0.07,0.33,0.0,0.33,0.0,0.0,0.0,0.64,0.64,0.56,0.32,0.42,0.42
2007_S_60,2013_S_366,0.15,0.65,0.8,0.19,0.98,0.99,0.99,0.65,0.71,0.39,0.87,0.93,0.93,0.77,0.54,0.48,0.8,0.59,0.59,0.65,0.0,0.39,0.0,0.26,0.63,0.26,0.58,0.1,0.1,0.34,0.66,0.34,0.67,0.03,0.03,0.34,0.0,0.34,0.0,0.04,0.04,0.69,0.29,0.51,0.58,0.34,0.34
2005_S_441,2012_S_119,0.15,0.62,0.98,0.18,1.0,0.83,0.83,0.62,0.9,0.44,0.73,0.97,0.97,0.75,0.69,0.53,0.66,1.0,1.0,0.62,0.0,0.44,0.0,0.21,0.89,0.21,0.84,0.1,0.1,0.27,0.92,0.27,0.93,0.04,0.04,0.27,0.0,0.27,0.0,0.04,0.04,0.65,0.57,0.56,0.32,0.53,0.53
1959_S_66,2004_M_2,0.35,0.66,0.72,0.32,0.67,0.5,0.5,0.66,0.64,0.58,0.36,0.0,0.0,0.8,0.31,0.71,0.18,0.32,0.32,0.66,0.0,0.58,0.0,0.3,0.42,0.29,0.42,0.1,0.1,0.4,0.44,0.4,0.46,0.11,0.11,0.4,0.0,0.4,0.0,0.1,0.1,0.65,0.57,0.57,0.26,0.24,0.24
2006_S_696,1999_S_198,0.75,0.61,1.0,0.37,0.55,0.81,0.81,0.61,0.96,0.51,0.55,0.68,0.68,0.78,0.46,0.63,0.39,0.85,0.85,0.61,0.0,0.51,0.0,0.24,0.74,0.24,0.68,0.1,0.1,0.33,0.7,0.33,0.71,0.08,0.08,0.33,0.0,0.33,0.0,0.0,0.0,0.64,0.64,0.52,0.53,0.49,0.49
1954_N_9,1965_N_5,0.45,0.74,0.04,0.33,0.64,1.0,1.0,0.74,0.13,0.41,0.81,0.7,0.7,0.8,0.31,0.59,0.5,0.71,0.71,0.74,0.0,0.41,0.0,0.26,0.63,0.25,0.63,0.19,0.19,0.33,0.7,0.34,0.67,0.04,0.04,0.34,0.0,0.35,0.0,0.08,0.08,0.72,0.07,0.45,0.89,0.3,0.3
1959_S_64,1968_B_27,0.7,0.61,1.0,0.15,1.0,0.87,0.87,0.61,0.96,0.27,1.0,0.59,0.59,0.74,0.77,0.34,1.0,0.99,0.99,0.61,0.0,0.27,0.0,0.22,0.84,0.22,0.79,0.0,0.0,0.29,0.85,0.29,0.85,0.0,0.0,0.29,0.0,0.3,0.0,0.07,0.07,0.61,0.86,0.35,1.0,0.55,0.55
2008_K_204,2007_V_71,0.5,0.69,0.42,0.51,0.22,0.51,0.51,0.69,0.45,0.58,0.36,0.47,0.47,0.76,0.62,0.62,0.42,0.42,0.42,0.69,0.0,0.58,0.0,0.27,0.58,0.27,0.53,0.17,0.17,0.36,0.59,0.36,0.6,0.1,0.1,0.36,0.0,0.36,0.0,0.03,0.03,0.63,0.71,0.56,0.32,0.25,0.25
1990_S_130,1980_U_40,0.6,0.73,0.09,0.56,0.1,0.03,0.03,0.73,0.19,0.68,0.09,0.0,0.0,0.8,0.31,0.73,0.12,0.0,0.0,0.73,0.0,0.68,0.0,0.41,0.0,0.4,0.0,0.26,0.26,0.57,0.0,0.56,0.0,0.03,0.03,0.56,0.0,0.55,0.0,0.06,0.06,0.7,0.21,0.6,0.11,0.06,0.06
1954_S_72,2000_P_48,0.35,0.73,0.09,0.25,0.83,0.96,0.96,0.73,0.19,0.41,0.81,0.74,0.74,0.82,0.15,0.52,0.69,0.34,0.34,0.73,0.0,0.41,0.0,0.25,0.68,0.25,0.63,0.1,0.1,0.34,0.66,0.33,0.71,0.04,0.04,0.33,0.0,0.33,0.0,0.03,0.03,0.72,0.07,0.46,0.84,0.37,0.37
2012_S_119,1959_T_40,0.15,0.69,0.42,0.35,0.6,0.43,0.43,0.69,0.45,0.56,0.41,0.04,0.04,0.82,0.15,0.57,0.55,0.0,0.0,0.69,0.0,0.56,0.0,0.25,0.68,0.25,0.63,0.1,0.1,0.35,0.62,0.34,0.67,0.13,0.13,0.34,0.0,0.34,0.0,0.15,0.15,0.67,0.43,0.51,0.58,0.23,0.23
2013_B_11,2009_S_1030,0.65,0.76,0.0,0.66,0.0,0.0,0.0,0.76,0.0,0.8,0.0,0.0,0.0,0.87,0.0,0.85,0.0,0.01,0.01,0.76,0.0,0.8,0.0,0.42,0.0,0.47,0.0,0.15,0.15,0.59,0.0,0.6,0.0,0.13,0.13,0.58,0.0,0.59,0.0,0.14,0.14,0.74,0.0,0.66,0.0,0.17,0.17
1960_B_9,1974_K_9,0.35,0.71,0.23,0.66,0.0,0.0,0.0,0.71,0.32,0.73,0.0,0.01,0.01,0.83,0.08,0.75,0.07,0.1,0.1,0.71,0.0,0.73,0.0,0.37,0.05,0.37,0.0,0.0,0.0,0.49,0.1,0.49,0.13,0.06,0.06,0.49,0.0,0.49,0.0,0.06,0.06,0.7,0.21,0.54,0.42,0.11,0.11
1960_V_6,1963_P_10,0.15,0.64,0.88,0.14,1.0,0.99,0.99,0.64,0.77,0.33,1.0,1.0,1.0,0.73,0.85,0.34,1.0,0.98,0.98,0.64,0.0,0.33,0.0,0.17,1.0,0.19,0.95,0.0,0.0,0.24,1.0,0.24,1.0,0.04,0.04,0.24,0.01,0.24,0.01,0.0,0.0,0.66,0.5,0.38,1.0,0.54,0.54
1958_K_11,2014_S_246,0.35,0.73,0.09,0.5,0.24,0.57,0.57,0.73,0.19,0.66,0.15,0.0,0.0,0.82,0.15,0.69,0.23,0.02,0.02,0.73,0.0,0.66,0.0,0.33,0.26,0.32,0.26,0.18,0.18,0.48,0.13,0.47,0.2,0.06,0.06,0.48,0.0,0.48,0.0,0.03,0.03,0.71,0.14,0.6,0.11,0.18,0.18
1954_G_4,1968_R_21,0.15,0.71,0.23,0.27,0.79,0.53,0.53,0.71,0.32,0.48,0.63,0.67,0.67,0.82,0.15,0.61,0.45,0.09,0.09,0.71,0.0,0.48,0.0,0.28,0.53,0.28,0.47,0.1,0.1,0.4,0.44,0.38,0.53,0.25,0.25,0.39,0.0,0.4,0.0,0.26,0.26,0.71,0.14,0.54,0.42,0.26,0.26
1960_T_124,1999_T_57,0.2,0.66,0.72,0.43,0.41,0.9,0.9,0.66,0.64,0.41,0.81,0.09,0.09,0.76,0.62,0.46,0.85,0.76,0.76,0.66,0.0,0.41,0.0,0.25,0.68,0.26,0.58,0.09,0.09,0.35,0.62,0.35,0.64,0.15,0.15,0.35,0.0,0.35,0.0,0.19,0.19,0.62,0.79,0.44,0.95,0.23,0.23
1974_B_25,1973_S_212,0.45,0.71,0.23,0.33,0.64,0.46,0.46,0.71,0.32,0.51,0.55,0.07,0.07,0.84,0.0,0.65,0.34,0.0,0.0,0.71,0.0,0.51,0.0,0.27,0.58,0.26,0.58,0.1,0.1,0.38,0.51,0.36,0.6,0.04,0.04,0.37,0.0,0.38,0.0,0.08,0.08,0.74,0.0,0.6,0.11,0.19,0.19
1958_B_3,1958_T_31,0.15,0.66,0.72,0.28,0.76,0.97,0.97,0.66,0.64,0.41,0.81,0.53,0.53,0.77,0.54,0.46,0.85,0.37,0.37,0.66,0.0,0.41,0.0,0.23,0.79,0.25,0.63,0.0,0.0,0.33,0.7,0.33,0.71,0.08,0.08,0.33,0.0,0.32,0.0,0.07,0.07,0.67,0.43,0.43,1.0,0.44,0.44
2012_S_119,2005_S_441,0.65,0.62,0.98,0.18,1.0,0.83,0.83,0.62,0.9,0.44,0.73,0.97,0.97,0.75,0.69,0.53,0.66,1.0,1.0,0.62,0.0,0.44,0.0,0.21,0.89,0.21,0.84,0.1,0.1,0.27,0.92,0.27,0.93,0.04,0.04,0.27,0.0,0.27,0.0,0.04,0.04,0.65,0.57,0.56,0.32,0.53,0.53
1960_M_48,2005_K_85,0.55,0.67,0.62,0.47,0.31,0.38,0.38,0.67,0.58,0.73,0.0,0.0,0.0,0.77,0.54,0.71,0.18,0.22,0.22,0.67,0.0,0.73,0.0,0.24,0.74,0.24,0.68,0.08,0.08,0.34,0.66,0.36,0.6,0.11,0.11,0.35,0.0,0.35,0.0,0.06,0.06,0.66,0.5,0.62,0.0,0.14,0.14
1996_M_67,2005_Y_5,0.55,0.63,0.94,0.25,0.83,1.0,1.0,0.63,0.84,0.42,0.79,1.0,1.0,0.71,1.0,0.47,0.82,0.95,0.95,0.63,0.0,0.42,0.0,0.19,1.0,0.17,1.0,0.1,0.1,0.25,1.0,0.25,1.0,0.07,0.07,0.26,0.01,0.25,0.01,0.0,0.0,0.6,0.93,0.51,0.58,0.62,0.62
1953_A_5,1965_C_63,0.45,0.6,1.0,0.32,0.67,0.37,0.37,0.6,1.0,0.48,0.63,0.08,0.08,0.71,1.0,0.58,0.53,0.33,0.33,0.6,0.0,0.48,0.0,0.23,0.79,0.21,0.84,0.07,0.07,0.3,0.81,0.3,0.82,0.11,0.11,0.31,0.0,0.31,0.0,0.04,0.04,0.63,0.71,0.46,0.84,0.22,0.22
1960_S_59,1988_U_45,0.5,0.65,0.8,0.47,0.31,0.17,0.17,0.65,0.71,0.61,0.28,0.18,0.18,0.8,0.31,0.67,0.28,0.64,0.64,0.65,0.0,0.61,0.0,0.26,0.63,0.25,0.63,0.0,0.0,0.37,0.55,0.37,0.56,0.03,0.03,0.37,0.0,0.37,0.0,0.1,0.1,0.64,0.64,0.53,0.47,0.27,0.27
1957_M_26,2004_R_188,0.35,0.58,1.0,0.44,0.38,0.98,0.98,0.58,1.0,0.58,0.36,0.75,0.75,0.71,1.0,0.58,0.53,0.86,0.86,0.58,0.0,0.58,0.0,0.19,1.0,0.17,1.0,0.09,0.09,0.25,1.0,0.26,0.96,0.12,0.12,0.25,0.01,0.25,0.01,0.11,0.11,0.59,1.0,0.51,0.58,0.32,0.32
1959_M_35,2004_M_67,0.5,0.67,0.62,0.53,0.17,0.38,0.38,0.67,0.58,0.63,0.23,0.65,0.65,0.79,0.38,0.67,0.28,0.39,0.39,0.67,0.0,0.63,0.0,0.22,0.84,0.21,0.84,0.1,0.1,0.33,0.7,0.33,0.71,0.09,0.09,0.33,0.0,0.33,0.0,0.03,0.03,0.65,0.57,0.52,0.53,0.32,0.32
2006_S_274,2013_S_366,0.45,0.64,0.88,0.21,0.93,0.95,0.95,0.64,0.77,0.43,0.76,0.74,0.74,0.76,0.62,0.5,0.74,0.91,0.91,0.64,0.0,0.43,0.0,0.26,0.63,0.26,0.58,0.0,0.0,0.34,0.66,0.34,0.67,0.04,0.04,0.34,0.0,0.33,0.0,0.0,0.0,0.7,0.21,0.58,0.21,0.56,0.56
1959_T_25,1963_P_10,0.45,0.71,0.23,0.29,0.74,0.97,0.97,0.71,0.32,0.43,0.76,1.0,1.0,0.82,0.15,0.46,0.85,0.89,0.89,0.71,0.0,0.43,0.0,0.2,0.95,0.2,0.89,0.0,0.0,0.26,0.96,0.27,0.93,0.04,0.04,0.27,0.0,0.26,0.01,0.04,0.04,0.7,0.21,0.42,1.0,0.59,0.59
1959_C_14,1963_P_3,0.4,0.7,0.32,0.34,0.62,0.53,0.53,0.7,0.39,0.5,0.57,0.26,0.26,0.8,0.31,0.59,0.5,0.45,0.45,0.7,0.0,0.5,0.0,0.25,0.68,0.23,0.74,0.0,0.0,0.33,0.7,0.32,0.75,0.0,0.0,0.32,0.0,0.32,0.0,0.0,0.0,0.66,0.5,0.47,0.79,0.31,0.31
1958_R_9,1976_M_10,0.3,0.65,0.8,0.3,0.71,1.0,1.0,0.65,0.71,0.37,0.92,0.91,0.91,0.76,0.62,0.53,0.66,0.99,0.99,0.65,0.0,0.37,0.0,0.16,1.0,0.16,1.0,0.0,0.0,0.21,1.0,0.21,1.0,0.04,0.04,0.21,0.01,0.2,0.02,0.03,0.03,0.66,0.5,0.51,0.58,0.65,0.65
1961_M_6,1988_S_14,0.55,0.76,0.0,0.63,0.0,0.0,0.0,0.76,0.0,0.66,0.15,0.01,0.01,0.82,0.15,0.75,0.07,0.02,0.02,0.76,0.0,0.66,0.0,0.32,0.32,0.31,0.32,0.2,0.2,0.44,0.28,0.43,0.35,0.06,0.06,0.45,0.0,0.44,0.0,0.06,0.06,0.79,0.0,0.62,0.0,0.1,0.1
1958_S_6,1960_L_8,0.5,0.68,0.52,0.34,0.62,0.71,0.71,0.68,0.51,0.44,0.73,0.97,0.97,0.79,0.38,0.55,0.61,0.94,0.94,0.68,0.0,0.44,0.0,0.24,0.74,0.24,0.68,0.0,0.0,0.34,0.66,0.34,0.67,0.0,0.0,0.32,0.0,0.34,0.0,0.0,0.0,0.62,0.79,0.45,0.89,0.63,0.63
1955_T_14,1958_K_11,0.45,0.68,0.52,0.29,0.74,0.96,0.96,0.68,0.51,0.53,0.49,0.61,0.61,0.76,0.62,0.4,1.0,0.0,0.0,0.68,0.0,0.53,0.0,0.25,0.68,0.25,0.63,0.1,0.1,0.41,0.4,0.35,0.64,0.07,0.07,0.35,0.0,0.38,0.0,0.12,0.12,0.64,0.64,0.45,0.89,0.35,0.35
1960_B_6,2012_M_36,0.3,0.75,0.01,0.42,0.43,0.96,0.96,0.75,0.06,0.62,0.25,0.0,0.0,0.84,0.0,0.73,0.12,0.04,0.04,0.75,0.0,0.62,0.0,0.28,0.53,0.28,0.47,0.0,0.0,0.4,0.44,0.41,0.42,0.09,0.09,0.39,0.0,0.42,0.0,0.14,0.14,0.69,0.29,0.51,0.58,0.14,0.14
